{"stat.pickup.minecraft.rotten_flesh":4,"stat.killEntity.Skeleton":1,"stat.walkOneCm":12036,"stat.pickup.minecraft.bone":4,"stat.leaveGame":5,"stat.pickup.minecraft.arrow":1,"stat.damageTaken":1020,"stat.mobKills":1,"stat.entityKilledBy.Creeper":1,"stat.flyOneCm":16027,"stat.deaths":4,"stat.pickup.minecraft.wheat_seeds":2,"stat.jump":125,"stat.swimOneCm":772,"stat.pickup.minecraft.egg":1,"stat.mineBlock.minecraft.leaves":6,"stat.playOneMinute":16899,"stat.fallOneCm":3390,"stat.entityKilledBy.Zombie":2,"stat.sneakTime":3,"stat.entityKilledBy.Skeleton":1,"stat.damageDealt":541,"stat.timeSinceDeath":1210,"stat.pickup.minecraft.dirt":3,"stat.useItem.minecraft.dirt":2,"stat.sprintOneCm":11649,"stat.mineBlock.minecraft.dirt":3,"stat.useItem.minecraft.stone_slab2":1,"stat.mineBlock.minecraft.tallgrass":5,"stat.diveOneCm":2009}