{"stat.flyOneCm":10724,"stat.deaths":1,"stat.walkOneCm":1531,"stat.pickup.minecraft.wheat_seeds":1,"stat.drop":1,"stat.pickup.minecraft.bone":2,"stat.jump":42,"stat.playOneMinute":9352,"stat.fallOneCm":1925,"stat.drop.minecraft.wheat_seeds":1,"stat.entityKilledBy.Zombie":1,"stat.leaveGame":1,"stat.pickup.minecraft.arrow":2,"stat.damageTaken":240,"stat.timeSinceDeath":0,"stat.mineBlock.minecraft.double_plant":1,"stat.pickup.minecraft.dirt":8,"stat.useItem.minecraft.dirt":7,"stat.sprintOneCm":2549,"stat.useItem.minecraft.stone_slab2":1,"stat.mineBlock.minecraft.tallgrass":2}